{"pose_0": {"rotation": [[-0.8660253882408142, -0.12126784771680832, 0.48507142066955566], [0.5000002384185791, -0.21004197001457214, 0.8401679396629333], [0.0, 0.9701424837112427, 0.24253562092781067]], "translation": [1.6000006198883057, 2.7712810039520264, 0.800000011920929]}, "fov_0": 0.9799147248268127, "pose_1": {"rotation": [[-1.0, -7.324371864569912e-08, 2.929748745827965e-07], [3.019916334778827e-07, -0.24253562092781067, 0.9701424837112427], [0.0, 0.9701424837112427, 0.24253562092781067]], "translation": [9.663731361797545e-07, 3.200000047683716, 0.800000011920929]}, "fov_1": 0.9799147248268127, "pose_2": {"rotation": [[-0.8660256862640381, 0.12126772850751877, -0.4850708842277527], [-0.49999967217445374, -0.2100420743227005, 0.8401682376861572], [0.0, 0.9701424837112427, 0.24253562092781067]], "translation": [-1.5999988317489624, 2.7712819576263428, 0.800000011920929]}, "fov_2": 0.9799147248268127, "pose_3": {"rotation": [[-0.5000003576278687, 0.21004194021224976, -0.8401677012443542], [-0.8660251498222351, -0.1212679073214531, 0.48507159948349], [0.0, 0.9701424837112427, 0.24253560602664948]], "translation": [-2.771280527114868, 1.600001335144043, 0.800000011920929]}, "fov_3": 0.9799147248268127, "pose_4": {"rotation": [[-6.159080498946423e-07, 0.24253562092781067, -0.9701424837112427], [-1.0, -1.4937964465389086e-07, 5.975185217721446e-07], [-1.4210856409267898e-14, 0.9701424837112427, 0.24253562092781067]], "translation": [-3.200000047683716, 1.9709057141881203e-06, 0.800000011920929]}, "fov_4": 0.9799147248268127, "pose_5": {"rotation": [[0.49999937415122986, 0.21004211902618408, -0.840168297290802], [-0.8660258054733276, 0.1212676614522934, -0.4850705862045288], [-7.450580596923828e-09, 0.9701424837112427, 0.24253560602664948]], "translation": [-2.771282434463501, -1.5999979972839355, 0.800000011920929]}, "fov_5": 0.9799147248268127, "pose_6": {"rotation": [[0.8660250306129456, 0.12126798927783966, -0.48507192730903625], [-0.5000007152557373, 0.21004191040992737, -0.8401676416397095], [0.0, 0.9701424837112427, 0.24253562092781067]], "translation": [-1.6000022888183594, -2.77128005027771, 0.800000011920929]}, "fov_6": 0.9799147248268127, "pose_7": {"rotation": [[0.9999999403953552, 2.2551559197836468e-07, -9.02062254226621e-07], [-9.298246368416585e-07, 0.24253562092781067, -0.9701424241065979], [-1.4210854715202004e-14, 0.9701424837112427, 0.24253560602664948]], "translation": [-2.975438746943837e-06, -3.200000047683716, 0.800000011920929]}, "fov_7": 0.9799147248268127, "pose_8": {"rotation": [[0.8660258650779724, -0.12126759439706802, 0.4850703775882721], [0.4999990463256836, 0.21004214882850647, -0.8401685357093811], [-7.450580152834618e-09, 0.9701424837112427, 0.24253562092781067]], "translation": [1.5999971628189087, -2.771282911300659, 0.800000011920929]}, "fov_8": 0.9799147248268127, "pose_9": {"rotation": [[0.5000009536743164, -0.2100418657064438, 0.8401675224304199], [0.8660248517990112, 0.12126804888248444, -0.48507222533226013], [0.0, 0.9701424837112427, 0.24253562092781067]], "translation": [2.7712795734405518, -1.6000032424926758, 0.800000011920929]}, "fov_9": 0.9799147248268127, "pose_10": {"rotation": [[1.2437411669452558e-06, -0.24253562092781067, 0.9701424837112427], [1.0, 3.0165151088112907e-07, -1.2066060435245163e-06], [0.0, 0.9701424837112427, 0.24253562092781067]], "translation": [3.200000047683716, -3.979971552325878e-06, 0.800000011920929]}, "fov_10": 0.9799147248268127, "pose_11": {"rotation": [[-0.4999988079071045, -0.21004217863082886, 0.8401687145233154], [0.8660260438919067, -0.12126752734184265, 0.4850701093673706], [0.0, 0.9701424837112427, 0.24253562092781067]], "translation": [2.7712836265563965, 1.5999963283538818, 0.800000011920929]}, "fov_11": 0.9799147248268127}